{
  "name": "bh2e",
  "title": "The Black Hack 2e",
  "description": "System support for second edition of The Black Hack RPG.",
  "author": "Peter Wood",
  "version": "0.1.0",
  "minimumCoreVersion": "0.7.5",
  "compatibleCoreVersion": "0.7.9",
  "esmodules": ["bh2e.js"],
  "styles": ["bh2e.css"],
  "languages": [
  	{"lang": "en", "name": "English", "path": "languages/en.json"}
  ],
  "url": "https://github.com/free-beer/bh2e",
  "manifest": "https://raw.githubusercontent.com/free-beer/bh2e/master/system.json",
  "download": "https://raw.githubusercontent.com/free-beer/bh2e/master/bh2e.zip"
}
