{
  "Actor": {
    "types" : ["character", "creature"],
    "character": {
      "attributes": {
        "strength": 10,
        "dexterity" : 10,
        "constitution": 10,
        "intelligence": 10,
        "wisdom": 10,
        "charisma": 10
      },
      "className": "Warrior",
      "damageDice": {
        "armed": "d6",
        "unarmed": "d4"
      },
      "description": "",
      "hitDie": "d6",
      "hitPoints": {"max": 1, "value": 1},
      "level": 1,
      "playerName": ""
    },
    "creature": {
      "hitDice": 1,
      "hitPoints": 5,
      "notes": ""
    }
  },
  "Item": {
  	"types": ["ability", "armour", "creature-ability", "creature-attack", "equipment", "weapon"],
  	"templates": {
  		"itemBasics": {
  			"description": "",
  			"rarity": "common"
  		}
  	},
    "ability": {
      "description": "",
      "tag": ""
    },
    "armour": {
      "armourValue": {
        "total": 1,
        "broken": 0
      },
      "templates": ["itemBasics"]
    },
    "creature-ability": {
      "notes": ""
    },
    "creature-attack": {
      "attribute": "strength",
      "damage": 1,
      "notes": "",
      "range": "close",
      "targetQuantity": "1"
    },
  	"equipment": {
      "quantity": 1,
  		"templates" : ["itemBasics"],
  		"usageDie": {
        "current": "none",
        "maximum": "none"
      }
  	},
  	"weapon": {
      "attribute": "strength",
  	  "kind": "melee",
      "size": "normal",
  		"templates" : ["itemBasics"]
  	}
  }
}